respId,submitTime,marketCubeId,zip,age,gender,ethnicity,targetId,targetConstruct,targetIntensity,constructImage,constructImagePosition,foilImage,foilConstruct,foilIntensity,foilImagePosition,userSelection,correct,answerBreakdown,numResponses,percentCorrect,count
 6,Dec 21, 2017 10:33:44 AM,06bdda7f-cda5-4f2a-9ba1-a87d1cf66398,70806,28,2,1,1,Frustration,1.0,Frustration_1.0,2,Relief_1.0,Relief,1.0,0,2,1,1,16,0.8125,1
 7,Dec 21, 2017 10:33:22 AM,fa07e029-0fce-4290-851c-71d7422d3028,75708,23,2,1,1,Frustration,1.0,Frustration_1.0,0,Regret_1.0,Regret,1.0,2,0,1,1,16,0.5,1
 8,Dec 21, 2017 10:34:29 AM,058d864d-8c6d-4484-9225-0ed675bfdff1,97215,60,2,1,1,Contempt,1.0,Contempt_1.0,0,Relief_1.0,Relief,1.0,2,0,1,1,16,0.6875,1
 9,Dec 21, 2017 10:34:04 AM,2e8f7ab0-809c-4e73-b3fc-dad89ec863ab,48219,21,2,1,1,Contempt,0.2,Contempt_0.2,2,Love_0.2,Love,0.2,0,0,0,0,16,0.1875,1
 10,Dec 21, 2017 10:34:27 AM,636a1cbb-128c-480c-92be-2ec8636771a4,11375,30,1,1,1,Frustration,1.0,Frustration_1.0,2,Regret_1.0,Regret,1.0,0,2,1,1,16,0.5,1
 11,Dec 21, 2017 10:34:12 AM,53db867c-a566-46cf-9f8f-7f596532eaf5,17011,29,2,1,1,Pride,0.2,Pride_0.2,0,Relief_0.2,Relief,0.2,2,1,0,2,16,0.5625,1
 12,Dec 21, 2017 10:34:26 AM,9892d935-9dfd-4350-bc8a-8c7b0d0f8891,90001,37,1,1,1,Regret,0.2,Regret_0.2,0,Contempt_0.2,Contempt,0.2,2,2,0,0,18,0.6111111111,1
 13,Dec 21, 2017 10:34:06 AM,59797bdd-5cf7-4c2c-b520-f4d83a6ff54e,33704,39,1,1,1,Pride,0.2,Pride_0.2,2,Relief_0.2,Relief,0.2,0,1,0,2,16,0.625,1
 14,Dec 21, 2017 10:35:09 AM,7de49dd3-1059-4628-90c3-017cc15d9b07,85128,65,2,1,1,Pride,1.0,Pride_1.0,0,Frustration_1.0,Frustration,1.0,2,1,0,2,16,0.375,1
 15,Dec 21, 2017 10:35:22 AM,1ed610b0-b490-42f7-a465-dc5ab083f3c1,2324,32,2,1,1,Pride,1.0,Pride_1.0,2,Contempt_1.0,Contempt,1.0,0,2,1,1,16,0.625,1
 16,Dec 21, 2017 10:35:29 AM,84e8bf40-53d6-488f-ba53-1ce126f37ec9,90280,50,2,5,1,Relief,0.2,Relief_0.2,0,Pride_0.2,Pride,0.2,2,1,0,2,16,0.5625,1
 17,Dec 21, 2017 10:35:11 AM,8782d6f1-31cc-4c8a-b47d-9e1239a44428,55318,22,1,1,1,Dislike,0.2,Dislike_0.2,0,Distress_0.2,Distress,0.2,2,0,1,1,16,0.625,1
 18,Dec 21, 2017 10:35:14 AM,09b9a4f8-69d2-44ae-984e-57c2428921da,36111,22,2,1,1,Dislike,0.2,Dislike_0.2,2,Regret_0.2,Regret,0.2,0,2,1,1,16,0.75,1
 19,Dec 21, 2017 10:36:07 AM,e99ebb1e-e33f-4cec-b336-2fe696f0ccd3,20872,30,2,1,1,Contempt,1.0,Contempt_1.0,2,Distress_1.0,Distress,1.0,0,1,0,2,16,0.4375,1
 20,Dec 21, 2017 10:35:08 AM,832b7137-c02a-4f43-996d-8f1a6bdb5ab0,18428,56,2,1,1,Distress,1.0,Distress_1.0,0,Love_1.0,Love,1.0,2,0,1,1,16,0.4375,1
 21,Dec 21, 2017 10:35:56 AM,af12b5fe-6b2f-421a-89a5-ab858c7bcf00,98620,65,2,1,1,Regret,1.0,Regret_1.0,0,Love_1.0,Love,1.0,2,0,1,1,16,0.75,1
 22,Dec 21, 2017 10:35:20 AM,ffa8af25-7580-4940-a2f9-f30233f03c3d,60504,42,1,1,1,Regret,1.0,Regret_1.0,2,Relief_1.0,Relief,1.0,0,0,0,0,19,0.7368421053,1
 23,Dec 21, 2017 10:35:02 AM,33d2da20-f666-4efa-9d84-f9470b92a661,91786,54,1,2,1,Distress,1.0,Distress_1.0,2,Relief_1.0,Relief,1.0,0,0,0,0,16,0.625,1
 24,Dec 21, 2017 10:34:24 AM,438a6746-2708-4be5-9a72-385da1c90ce7,28120,51,2,1,1,Frustration,0.2,Frustration_0.2,2,Love_0.2,Love,0.2,0,2,1,1,16,0.75,1
 25,Dec 21, 2017 10:36:17 AM,4e8ea1c4-1c42-4cfa-99ff-75b8d45d5332,78130,55,1,1,1,Contempt,1.0,Contempt_1.0,2,Pride_1.0,Pride,1.0,0,1,0,2,16,0.75,1
 26,Dec 21, 2017 10:36:53 AM,7129c63f-2bc6-4bd6-9ecc-4f34762a8499,30135,53,2,2,1,Dislike,1.0,Dislike_1.0,0,Love_1.0,Love,1.0,2,0,1,1,16,0.4375,1
 27,Dec 21, 2017 10:36:41 AM,093c3fd1-88b6-495a-975a-1dc3be498a43,82601,36,2,1,1,Regret,0.2,Regret_0.2,0,Pride_0.2,Pride,0.2,2,1,0,2,16,0.5,1
 28,Dec 21, 2017 10:36:57 AM,1707138a-7478-4715-a4e8-ee016490ebb5,79927,25,2,1,1,Dislike,0.2,Dislike_0.2,0,Contempt_0.2,Contempt,0.2,2,0,1,1,16,0.625,1
 29,Dec 21, 2017 10:36:32 AM,97730b9f-64bf-4122-890f-688037ff4e08,33716,50,2,3,1,Regret,0.2,Regret_0.2,0,Frustration_0.2,Frustration,0.2,2,0,1,1,16,0.625,1
 30,Dec 21, 2017 10:34:49 AM,aca76699-308d-4092-9574-de278e7ce0a3,1966,21,2,1,1,Pride,1.0,Pride_1.0,2,Dislike_1.0,Dislike,1.0,0,2,1,1,16,0.6875,1
 31,Dec 21, 2017 10:36:54 AM,486c7640-56ad-4c38-b25e-4338960a37ee,46060,31,2,1,1,Dislike,1.0,Dislike_1.0,2,Frustration_1.0,Frustration,1.0,0,2,1,1,16,0.875,1
 32,Dec 21, 2017 10:37:58 AM,d0df5e8a-67cd-4afa-98df-e2f13a1f6251,28273,33,2,2,1,Contempt,1.0,Contempt_1.0,2,Love_1.0,Love,1.0,0,1,0,2,16,0.5,1
 33,Dec 21, 2017 10:37:09 AM,3207c694-9a08-440d-8680-5ebfc0b09dbc,75071,30,1,1,1,Love,1.0,Love_1.0,0,Regret_1.0,Regret,1.0,2,0,1,1,16,0.5625,1
 34,Dec 21, 2017 10:37:27 AM,42ad5de0-a51f-4abe-ab4d-a9138e1c44d2,63129,57,1,1,1,Dislike,0.2,Dislike_0.2,2,Distress_0.2,Distress,0.2,0,0,0,0,16,0.75,1
 35,Dec 21, 2017 10:36:27 AM,10692127-09e1-4da7-9129-d2fc9bd5233b,52302,42,2,1,1,Love,1.0,Love_1.0,0,Relief_1.0,Relief,1.0,2,0,1,1,16,0.625,1
 36,Dec 21, 2017 10:37:48 AM,fae4e793-c955-4ca0-b7a5-55a2d9154b5e,5404,30,1,1,1,Contempt,1.0,Contempt_1.0,0,Pride_1.0,Pride,1.0,2,2,0,0,16,0.75,1
 37,Dec 21, 2017 10:37:52 AM,fd4510f7-309c-4fa7-900c-570429cc10a1,86305,55,2,1,1,Relief,1.0,Relief_1.0,2,Frustration_1.0,Frustration,1.0,0,2,1,1,16,0.75,1
 38,Dec 21, 2017 10:38:28 AM,4d3f549a-378c-4c7a-8248-9cfbd175995d,11793,53,2,1,1,Frustration,1.0,Frustration_1.0,2,Love_1.0,Love,1.0,0,2,1,1,16,0.6875,1
 39,Dec 21, 2017 10:38:44 AM,e8e51992-3202-4f50-9794-0bcc8a2928d8,10025,63,1,7,1,Pride,0.2,Pride_0.2,0,Frustration_0.2,Frustration,0.2,2,1,0,2,16,0.4375,1
 40,Dec 21, 2017 10:37:43 AM,5ea65c52-11cb-4cd2-ba6e-b658d4809af0,48708,32,2,1,1,Frustration,0.2,Frustration_0.2,2,Contempt_0.2,Contempt,0.2,0,1,0,2,16,0.4375,1
 41,Dec 21, 2017 10:38:17 AM,bae035f6-9b30-44b7-9284-7eab3bfd442b,96793,65,1,3,1,Love,1.0,Love_1.0,0,Contempt_1.0,Contempt,1.0,2,0,1,1,16,0.4375,1
 42,Dec 21, 2017 10:39:06 AM,28a68ae1-f48a-4b16-9800-4f1ed3e1c107,60068,41,1,1,1,Frustration,1.0,Frustration_1.0,0,Regret_1.0,Regret,1.0,2,0,1,1,16,0.625,1
 43,Dec 21, 2017 10:39:16 AM,e83d2502-edfb-4a04-9277-2aaac75e1053,37167,48,2,1,1,Love,1.0,Love_1.0,2,Frustration_1.0,Frustration,1.0,0,2,1,1,16,0.8125,1
 44,Dec 21, 2017 10:39:20 AM,dac838cd-86ef-42de-a829-890faa2a2543,92026,57,2,1,1,Pride,1.0,Pride_1.0,0,Distress_1.0,Distress,1.0,2,0,1,1,16,0.75,1
 45,Dec 21, 2017 10:39:42 AM,830c1444-343e-4935-b1a0-fb60e92c9223,29907,19,2,1,1,Pride,0.2,Pride_0.2,0,Love_0.2,Love,0.2,2,2,0,0,16,0.6875,1
 46,Dec 21, 2017 10:39:43 AM,a08034f2-035b-496a-8366-97c76fbd454d,77098,24,2,1,1,Relief,1.0,Relief_1.0,0,Frustration_1.0,Frustration,1.0,2,0,1,1,16,0.5625,1
 47,Dec 21, 2017 10:39:56 AM,bf18d0a2-2bf2-4a71-91dc-faa0d1f568ad,78058,49,2,1,1,Regret,1.0,Regret_1.0,2,Contempt_1.0,Contempt,1.0,0,2,1,1,16,0.75,1
 48,Dec 21, 2017 10:40:20 AM,23df5b80-2efa-42ea-8e1b-3b6cd6be8be9,50315,36,2,1,1,Love,1.0,Love_1.0,0,Regret_1.0,Regret,1.0,2,0,1,1,16,0.5625,1
 49,Dec 21, 2017 10:38:55 AM,811d6ffb-7fb3-467a-a9d4-7272d02340b5,97520,29,2,6,1,Pride,1.0,Pride_1.0,0,Contempt_1.0,Contempt,1.0,2,1,0,2,16,0.5625,1
 50,Dec 21, 2017 10:39:27 AM,2508716f-3abb-46ff-9e76-3da7051db868,24153,55,2,1,1,Distress,1.0,Distress_1.0,2,Frustration_1.0,Frustration,1.0,0,2,1,1,16,0.6875,1
 51,Dec 21, 2017 10:39:55 AM,24ea013b-c837-4f74-8523-1c96135117c9,18507,57,2,1,1,Pride,1.0,Pride_1.0,0,Frustration_1.0,Frustration,1.0,2,0,1,1,16,0.5,1
 52,Dec 21, 2017 10:39:46 AM,f147593a-f5d8-4658-acd7-d5c2c205df6b,49546,39,1,3,1,Love,1.0,Love_1.0,0,Frustration_1.0,Frustration,1.0,2,0,1,1,16,0.4375,1
 53,Dec 21, 2017 10:39:07 AM,bf2b71dd-7662-4438-83be-24be4b94cf45,6608,41,2,1,1,Regret,1.0,Regret_1.0,0,Dislike_1.0,Dislike,1.0,2,0,1,1,16,0.8125,1
 54,Dec 21, 2017 10:39:06 AM,80fbeddf-57a5-4532-8bd6-e18822b1b31f,40356,55,2,1,1,Dislike,1.0,Dislike_1.0,0,Contempt_1.0,Contempt,1.0,2,2,0,0,16,0.5,1
 55,Dec 21, 2017 10:39:25 AM,1fc24260-87ea-4c41-87ee-f043d96d5c28,59457,46,2,1,1,Dislike,0.2,Dislike_0.2,2,Regret_0.2,Regret,0.2,0,2,1,1,16,0.75,1
 56,Dec 21, 2017 10:39:30 AM,a14c9f8d-0365-4f82-86b2-a8ab28dfe20a,92084,61,2,4,1,Frustration,0.2,Frustration_0.2,0,Regret_0.2,Regret,0.2,2,0,1,1,16,0.6875,1
 57,Dec 21, 2017 10:40:15 AM,b14bf363-b243-4a5f-b1ff-40a6847b8d9b,28209,25,2,1,1,Dislike,1.0,Dislike_1.0,0,Frustration_1.0,Frustration,1.0,2,0,1,1,16,0.625,1
 58,Dec 21, 2017 10:40:18 AM,1455dde4-7cfb-4a7b-b0c2-594f5d9d353f,76712,62,1,1,1,Regret,1.0,Regret_1.0,2,Love_1.0,Love,1.0,0,2,1,1,16,0.6875,1
 59,Dec 21, 2017 10:40:32 AM,6127b4b8-2a90-42ee-8dec-7f3b5411c8f3,8610,55,2,1,1,Regret,0.2,Regret_0.2,0,Love_0.2,Love,0.2,2,1,0,2,16,0.5625,1
 60,Dec 21, 2017 10:40:30 AM,f1c6cec2-e08c-4d41-8b8e-288859c92732,30329,27,2,2,1,Regret,1.0,Regret_1.0,2,Distress_1.0,Distress,1.0,0,2,1,1,16,0.625,1
 61,Dec 21, 2017 10:40:11 AM,76779e5b-10df-492e-8188-d46599495bb2,32821,36,1,1,1,Frustration,1.0,Frustration_1.0,2,Dislike_1.0,Dislike,1.0,0,0,0,0,16,0.4375,1
 62,Dec 21, 2017 10:40:48 AM,5a73f601-8c97-407a-bf56-bc536f17c70d,1803,33,2,1,1,Love,1.0,Love_1.0,2,Regret_1.0,Regret,1.0,0,2,1,1,16,0.5625,1
 63,Dec 21, 2017 10:39:51 AM,4b5a9167-7889-4232-b72a-1a085f6923c5,37821,57,1,1,1,Love,1.0,Love_1.0,2,Pride_1.0,Pride,1.0,0,2,1,1,16,0.9375,1
 64,Dec 21, 2017 10:40:40 AM,a5adb154-09e9-454c-a323-7d8ffc27c158,41048,51,2,1,1,Relief,0.2,Relief_0.2,2,Pride_0.2,Pride,0.2,0,1,0,2,16,0.6875,1
 65,Dec 21, 2017 10:41:03 AM,f89f720f-fd65-4232-b76c-4fe5e10ea2fd,30058,23,2,2,1,Dislike,1.0,Dislike_1.0,0,Frustration_1.0,Frustration,1.0,2,0,1,1,16,0.6875,1
 66,Dec 21, 2017 10:41:02 AM,1a467e0c-4503-462a-bf6d-f86e65ee27aa,18330,31,2,1,1,Relief,1.0,Relief_1.0,0,Distress_1.0,Distress,1.0,2,2,0,0,16,0,1
 67,Dec 21, 2017 10:40:51 AM,a50eb3dd-e0a1-4b6b-98a4-17148bd82379,54209,45,2,1,1,Relief,0.2,Relief_0.2,2,Dislike_0.2,Dislike,0.2,0,1,0,2,16,0.5625,1
 68,Dec 21, 2017 10:35:53 AM,86ca3bdf-baa6-44db-a434-2a8619f11373,46231,29,1,1,1,Distress,1.0,Distress_1.0,0,Relief_1.0,Relief,1.0,2,2,0,0,16,0.5625,1
 69,Dec 21, 2017 10:40:56 AM,0408eca9-5d05-49f9-8d0d-53761d056980,61080,31,1,2,1,Pride,1.0,Pride_1.0,0,Love_1.0,Love,1.0,2,0,1,1,16,0.75,1
 70,Dec 21, 2017 10:38:31 AM,0324a975-8a72-491b-bed9-959ee2bfc8ea,29720,40,1,1,1,Dislike,1.0,Dislike_1.0,0,Distress_1.0,Distress,1.0,2,0,1,1,16,0.8125,1
 71,Dec 21, 2017 10:40:53 AM,1e00dbef-a718-499d-b7b9-ee03b50f83ff,30030,50,2,1,1,Regret,0.2,Regret_0.2,2,Relief_0.2,Relief,0.2,0,2,1,1,16,0.75,1
 72,Dec 21, 2017 10:40:08 AM,79c95545-9820-4cf7-b2bb-04f5f62bcab0,54911,42,2,1,1,Dislike,1.0,Dislike_1.0,0,Distress_1.0,Distress,1.0,2,0,1,1,16,0.5625,1
 73,Dec 21, 2017 10:41:25 AM,8cb78e2c-7d73-4df6-a3d3-c9e15f923347,28607,39,2,7,1,Contempt,0.2,Contempt_0.2,2,Frustration_0.2,Frustration,0.2,0,2,1,1,16,0.75,1
 75,Dec 21, 2017 10:40:43 AM,7d28a83d-7153-4097-9af5-16dc322ee067,47138,39,2,1,1,Regret,0.2,Regret_0.2,0,Pride_0.2,Pride,0.2,2,2,0,0,16,0.375,1
 76,Dec 21, 2017 10:41:27 AM,569418ad-f77b-47c8-b287-43a6ccffe24c,20019,27,1,2,1,Pride,0.2,Pride_0.2,0,Distress_0.2,Distress,0.2,2,0,1,1,16,0.6875,1
 77,Dec 21, 2017 10:42:23 AM,aa6b60f3-f483-4498-a204-b41d1ecaa143,1108,26,1,1,1,Dislike,0.2,Dislike_0.2,2,Love_0.2,Love,0.2,0,2,1,1,16,0.6875,1
 78,Dec 21, 2017 10:41:36 AM,ee776539-6904-4a60-9582-41680fa2a4f7,34613,59,1,1,1,Contempt,1.0,Contempt_1.0,0,Pride_1.0,Pride,1.0,2,2,0,0,16,0.5,1
 79,Dec 21, 2017 10:42:58 AM,522ea558-c24f-4b92-bea8-6cecd1f997e7,27244,22,2,1,1,Contempt,0.2,Contempt_0.2,2,Dislike_0.2,Dislike,0.2,0,0,0,0,16,0.5625,1
 80,Dec 21, 2017 10:42:47 AM,7c6974e5-222c-45d2-96e8-a2e0137e3224,31548,30,2,3,1,Relief,0.2,Relief_0.2,2,Love_0.2,Love,0.2,0,1,0,2,16,0.4375,1
 81,Dec 21, 2017 10:42:19 AM,a2690b04-71bc-4ffc-8132-2d91adffc85f,20785,24,1,2,1,Frustration,0.2,Frustration_0.2,0,Pride_0.2,Pride,0.2,2,1,0,2,16,0.5,1
 82,Dec 21, 2017 10:42:42 AM,a3afde56-d109-4e97-a9c6-24cc6391fc16,72830,42,2,1,1,Love,0.2,Love_0.2,2,Frustration_0.2,Frustration,0.2,0,2,1,1,16,0.4375,1
 83,Dec 21, 2017 10:42:42 AM,55023ae4-5044-4e6d-bb7e-40fad8002901,40442,36,1,1,1,Regret,0.2,Regret_0.2,2,Distress_0.2,Distress,0.2,0,0,0,0,16,0.6875,1
 84,Dec 21, 2017 10:42:10 AM,4552547d-2b63-4119-80eb-b6b4bcbb9f54,20020,50,1,2,1,Love,1.0,Love_1.0,2,Frustration_1.0,Frustration,1.0,0,2,1,1,16,0.5,1
 85,Dec 21, 2017 10:42:57 AM,19d69d68-adc4-4dcf-a19c-15c3b4fc852d,30549,30,2,1,1,Dislike,1.0,Dislike_1.0,0,Pride_1.0,Pride,1.0,2,0,1,1,16,0.6875,1
 86,Dec 21, 2017 10:43:01 AM,4e0032bb-0c0d-46f0-af38-7f292ab524f6,65251,43,1,1,1,Contempt,1.0,Contempt_1.0,0,Dislike_1.0,Dislike,1.0,2,0,1,1,16,0.8125,1
 87,Dec 21, 2017 10:42:52 AM,7759f16c-bd65-490d-8e64-0fdc3e49c8b6,7514,40,2,4,1,Contempt,1.0,Contempt_1.0,2,Dislike_1.0,Dislike,1.0,0,1,0,2,16,0.5,1
 88,Dec 21, 2017 10:42:57 AM,14b4b351-e56a-474b-8975-409d6232b3ea,48866,42,1,1,1,Pride,1.0,Pride_1.0,2,Regret_1.0,Regret,1.0,0,2,1,1,16,0.4375,1
 89,Dec 21, 2017 10:41:41 AM,5d3c1904-a398-4bda-a866-e2866b6a5da6,71740,33,2,1,1,Contempt,0.2,Contempt_0.2,2,Relief_0.2,Relief,0.2,0,2,1,1,16,0.5,1
 90,Dec 21, 2017 10:42:04 AM,cb050b6c-40b1-4954-a3b7-1b554a8e9fbd,76020,45,1,1,1,Frustration,1.0,Frustration_1.0,0,Pride_1.0,Pride,1.0,2,0,1,1,16,0.375,1
 91,Dec 21, 2017 10:43:07 AM,baa38d89-0b85-41dd-9124-c9d391da7808,33830,29,2,1,1,Love,1.0,Love_1.0,2,Distress_1.0,Distress,1.0,0,2,1,1,16,0.625,1
 92,Dec 21, 2017 10:43:23 AM,16f815d9-3d50-442f-9aae-db0a286ad9bb,89169,51,1,4,1,Distress,0.2,Distress_0.2,2,Regret_0.2,Regret,0.2,0,2,1,1,16,0.75,1
 93,Dec 21, 2017 10:43:43 AM,79a56e2f-0270-4630-bff9-b35179bed2e8,97051,33,1,5,1,Contempt,0.2,Contempt_0.2,2,Pride_0.2,Pride,0.2,0,2,1,1,16,0.8125,1
 94,Dec 21, 2017 10:43:06 AM,518946e3-af5e-4ae7-92bc-8bb236212a85,92316,60,2,1,1,Pride,1.0,Pride_1.0,0,Love_1.0,Love,1.0,2,0,1,1,16,0.625,1
 95,Dec 21, 2017 10:43:37 AM,3fb5121f-69c0-4855-98c2-c1fcaa9d30d0,28560,42,2,5,1,Relief,0.2,Relief_0.2,0,Dislike_0.2,Dislike,0.2,2,1,0,2,16,0.3125,1
 96,Dec 21, 2017 10:40:40 AM,8cbbc154-722f-4673-ac14-7d3e20e8cac9,19020,36,1,1,1,Dislike,0.2,Dislike_0.2,2,Relief_0.2,Relief,0.2,0,2,1,1,16,0.875,1
 97,Dec 21, 2017 10:43:37 AM,7ec3dd77-7684-4cad-b34e-12c130049f3b,45420,23,1,1,1,Dislike,1.0,Dislike_1.0,0,Contempt_1.0,Contempt,1.0,2,0,1,1,16,0.6875,1
 98,Dec 21, 2017 10:43:29 AM,d3c4af07-2cb9-4c1b-953c-7eebc7388bdd,33844,44,2,1,1,Relief,0.2,Relief_0.2,0,Distress_0.2,Distress,0.2,2,1,0,2,16,0.6875,1
 99,Dec 21, 2017 10:43:41 AM,feeaebd6-a6e4-4e73-95e0-d59ffcf5064c,29609,51,2,1,1,Love,1.0,Love_1.0,0,Distress_1.0,Distress,1.0,2,0,1,1,16,0.75,1
 100,Dec 21, 2017 10:43:16 AM,cfb01bb6-551e-4da8-ac94-700accefdb14,94520,30,1,1,1,Distress,1.0,Distress_1.0,2,Dislike_1.0,Dislike,1.0,0,2,1,1,16,0.875,1
 101,Dec 21, 2017 10:42:23 AM,5d7eb196-9c37-4ffe-b2b9-7b294ab4c711,46143,42,2,1,1,Regret,1.0,Regret_1.0,2,Relief_1.0,Relief,1.0,0,2,1,1,16,0.625,1
 102,Dec 21, 2017 10:43:22 AM,5211056c-2c00-40f6-84c9-8f47a5d2c49a,27299,48,2,1,1,Contempt,0.2,Contempt_0.2,0,Dislike_0.2,Dislike,0.2,2,1,0,2,16,0.5625,1
 103,Dec 21, 2017 10:44:20 AM,6240a8c8-620d-4809-9fb4-7b9595a27bb1,32503,59,2,1,1,Dislike,1.0,Dislike_1.0,2,Pride_1.0,Pride,1.0,0,2,1,1,16,0.625,1
 104,Dec 21, 2017 10:44:36 AM,43c8a9da-a098-4fe8-ada9-e5a1666d0340,10025,43,1,3,1,Regret,1.0,Regret_1.0,0,Relief_1.0,Relief,1.0,2,0,1,1,16,0.6875,1
 105,Dec 21, 2017 10:44:51 AM,5413e3e8-3292-4c02-818d-6f0d0421e372,22203,26,2,1,1,Pride,0.2,Pride_0.2,2,Dislike_0.2,Dislike,0.2,0,1,0,2,16,0.75,1
 106,Dec 21, 2017 10:44:01 AM,bcd0566e-a86c-4ea0-a1b7-f06cc59939b5,48867,49,2,1,1,Contempt,0.2,Contempt_0.2,2,Relief_0.2,Relief,0.2,0,1,0,2,16,0.6875,1
 107,Dec 21, 2017 10:43:22 AM,96d4ec0d-7a59-450a-8e92-b66b80341976,94703,24,1,3,1,Pride,0.2,Pride_0.2,2,Dislike_0.2,Dislike,0.2,0,1,0,2,16,0.4375,1
 108,Dec 21, 2017 10:44:33 AM,e8d4a01e-5820-4796-8c04-c8660fb4672f,36054,53,2,1,1,Pride,0.2,Pride_0.2,0,Regret_0.2,Regret,0.2,2,1,0,2,16,0.5625,1
 109,Dec 21, 2017 10:44:03 AM,684ab858-b4cc-4a85-a7b5-1f6d62f94ece,33511,61,1,4,1,Contempt,0.2,Contempt_0.2,0,Regret_0.2,Regret,0.2,2,1,0,2,16,0.5625,1
 110,Dec 21, 2017 10:44:43 AM,bf671b69-db47-4d55-b29a-40ce36d8e767,83837,59,2,1,1,Love,1.0,Love_1.0,2,Contempt_1.0,Contempt,1.0,0,2,1,1,16,0.8125,1
 111,Dec 21, 2017 10:44:14 AM,4e197000-05ea-4868-9dd8-ce78a7639019,42330,62,2,1,1,Pride,1.0,Pride_1.0,0,Distress_1.0,Distress,1.0,2,0,1,1,16,0.5625,1
 112,Dec 21, 2017 10:45:15 AM,f8814906-9c9f-40e6-a902-d6d5289dbb14,25703,20,2,1,1,Contempt,1.0,Contempt_1.0,2,Relief_1.0,Relief,1.0,0,0,0,0,16,0.75,1
 113,Dec 21, 2017 10:45:02 AM,9c9b534a-3781-413f-b04e-e74662943c26,63051,53,2,1,1,Frustration,0.2,Frustration_0.2,0,Dislike_0.2,Dislike,0.2,2,1,0,2,16,0.625,1
 114,Dec 21, 2017 10:45:01 AM,d64db843-afbd-4996-833c-343b16a9d3c1,48504,38,2,1,1,Love,1.0,Love_1.0,2,Pride_1.0,Pride,1.0,0,2,1,1,16,0.625,1
 115,Dec 21, 2017 10:45:37 AM,ed01c73b-2a40-4994-a196-b47e2a508f01,77345,28,1,1,1,Regret,1.0,Regret_1.0,2,Relief_1.0,Relief,1.0,0,2,1,1,16,0.8125,1
 116,Dec 21, 2017 10:44:39 AM,adf67320-e937-4188-94e2-16eb45d9bcfd,31312,39,2,1,1,Regret,0.2,Regret_0.2,0,Distress_0.2,Distress,0.2,2,0,1,1,16,0.6875,1
 117,Dec 21, 2017 10:45:37 AM,983f3f7e-2e91-4682-ad4d-b570b9821094,32259,29,1,1,1,Pride,0.2,Pride_0.2,0,Love_0.2,Love,0.2,2,1,0,2,16,0.625,1
 118,Dec 21, 2017 10:44:32 AM,04965371-11cc-44ec-8dd6-1ffd83fa84e2,48906,50,1,1,1,Love,0.2,Love_0.2,0,Relief_0.2,Relief,0.2,2,0,1,1,16,0.625,1
 119,Dec 21, 2017 10:45:34 AM,5affb210-b1d0-45c6-9e52-d965ab72dd3f,97203,25,2,1,1,Frustration,1.0,Frustration_1.0,0,Distress_1.0,Distress,1.0,2,0,1,1,16,0.75,1
 120,Dec 21, 2017 10:45:25 AM,b3338410-6973-44f5-8fbd-14ed17f3ffb0,23223,29,2,2,1,Frustration,1.0,Frustration_1.0,2,Distress_1.0,Distress,1.0,0,0,0,0,16,0.6875,1
 121,Dec 21, 2017 10:44:20 AM,88ca35e6-53c7-4518-acf6-332eef11563a,68114,29,2,4,1,Regret,0.2,Regret_0.2,0,Frustration_0.2,Frustration,0.2,2,2,0,0,17,0.6470588235,1
 122,Dec 21, 2017 10:45:45 AM,624d9246-e0a3-4671-82b7-3694a550b021,54650,36,2,1,1,Dislike,1.0,Dislike_1.0,0,Relief_1.0,Relief,1.0,2,0,1,1,16,0.625,1
 123,Dec 21, 2017 10:46:06 AM,7c90a71f-c2d5-4b77-81c9-95dbe3903e65,11722,24,1,4,1,Contempt,0.2,Contempt_0.2,0,Love_0.2,Love,0.2,2,0,1,1,16,0.5625,1
 124,Dec 21, 2017 10:46:05 AM,dd4bb871-9f94-49c7-8b7a-057161dea10e,76901,29,2,1,1,Contempt,0.2,Contempt_0.2,2,Regret_0.2,Regret,0.2,0,1,0,2,16,0.625,1
 125,Dec 21, 2017 10:45:24 AM,a2503deb-2319-4d09-8412-a7148ba73644,62812,53,2,1,1,Distress,0.2,Distress_0.2,2,Contempt_0.2,Contempt,0.2,0,1,0,2,16,0.375,1
 126,Dec 21, 2017 10:44:49 AM,2c4940a5-e909-4d75-aecc-adcf9b745c26,37660,54,1,1,1,Frustration,1.0,Frustration_1.0,2,Contempt_1.0,Contempt,1.0,0,2,1,1,16,0.625,1
 127,Dec 21, 2017 10:46:24 AM,8c8341de-c7b6-4afe-b57c-c681052bcf6f,20152,32,2,1,1,Contempt,0.2,Contempt_0.2,0,Love_0.2,Love,0.2,2,0,1,1,16,0.8125,1
 128,Dec 21, 2017 10:46:05 AM,4d868b45-5bda-4f96-8bc8-c4e8ac04ad77,28150,39,2,1,1,Relief,0.2,Relief_0.2,0,Love_0.2,Love,0.2,2,2,0,0,16,0.625,1
 129,Dec 21, 2017 10:45:56 AM,dadfadea-7faf-4554-8aa4-53adbbe74e74,29708,25,2,6,1,Pride,1.0,Pride_1.0,0,Frustration_1.0,Frustration,1.0,2,0,1,1,16,0.5,1
 130,Dec 21, 2017 10:46:05 AM,f94237d4-4646-4502-ae25-87c2c340a1df,46163,49,1,1,1,Pride,1.0,Pride_1.0,0,Distress_1.0,Distress,1.0,2,0,1,1,16,0.75,1
 131,Dec 21, 2017 10:45:55 AM,cb16ef5b-395d-45bb-9648-8a67ef9629b6,4976,41,2,1,1,Love,1.0,Love_1.0,2,Contempt_1.0,Contempt,1.0,0,2,1,1,16,0.625,1
 132,Dec 21, 2017 10:45:35 AM,a55862e9-c7a5-497e-a49d-14a24fdb426c,11209,50,2,1,1,Distress,0.2,Distress_0.2,0,Regret_0.2,Regret,0.2,2,0,1,1,16,0.6875,1
 133,Dec 21, 2017 10:46:08 AM,9831138d-edbe-4f6d-ab81-0ba73be13367,45503,57,1,1,1,Relief,0.2,Relief_0.2,2,Love_0.2,Love,0.2,0,0,0,0,16,0.8125,1
 134,Dec 21, 2017 10:45:58 AM,7ebe47d5-024e-4781-80db-3fb4aa1ce235,34667,47,2,1,1,Dislike,0.2,Dislike_0.2,0,Contempt_0.2,Contempt,0.2,2,0,1,1,16,0.6875,1
 135,Dec 21, 2017 10:46:10 AM,407b5df2-6c02-456e-b6d1-a936f391c7e0,89117,51,2,2,1,Frustration,1.0,Frustration_1.0,0,Relief_1.0,Relief,1.0,2,0,1,1,16,0.5625,1
 136,Dec 21, 2017 10:46:25 AM,648cc3d1-9d45-47db-8919-9b7fbe5ccba1,29576,60,2,1,1,Frustration,1.0,Frustration_1.0,0,Love_1.0,Love,1.0,2,0,1,1,16,0.75,1
 137,Dec 21, 2017 10:43:47 AM,9a5c1aa0-7a3a-4b9f-9906-305e3dd4794a,3064,63,1,4,1,Contempt,1.0,Contempt_1.0,0,Love_1.0,Love,1.0,2,2,0,0,16,0.5,1
 138,Dec 21, 2017 10:46:24 AM,a073db9c-fbef-4dea-a673-75773cf33453,28211,55,1,1,1,Relief,0.2,Relief_0.2,2,Regret_0.2,Regret,0.2,0,1,0,2,16,0.6875,1
 139,Dec 21, 2017 10:45:58 AM,fd80e96a-9781-4100-95ec-04299fe71f72,67147,37,2,1,1,Love,1.0,Love_1.0,2,Contempt_1.0,Contempt,1.0,0,2,1,1,16,0.8125,1
 140,Dec 21, 2017 10:46:03 AM,c9dfd8d9-be7a-4044-a6b3-c6aae6c7dfff,94583,63,2,1,1,Frustration,1.0,Frustration_1.0,0,Regret_1.0,Regret,1.0,2,0,1,1,16,0.625,1
 141,Dec 21, 2017 10:46:04 AM,8e928564-7f4b-4196-8cdb-e155e9fe3a40,94502,31,1,1,1,Relief,0.2,Relief_0.2,0,Distress_0.2,Distress,0.2,2,0,1,1,16,0.8125,1
 142,Dec 21, 2017 10:46:28 AM,02d8e315-1989-439d-8211-e4666ee673ab,62278,61,2,1,1,Distress,1.0,Distress_1.0,2,Contempt_1.0,Contempt,1.0,0,2,1,1,16,0.8125,1
 143,Dec 21, 2017 10:47:05 AM,50a6d2ae-dc2f-4e22-802e-96963ffe215f,32266,36,2,1,1,Regret,0.2,Regret_0.2,0,Distress_0.2,Distress,0.2,2,2,0,0,16,0.8125,1
 144,Dec 21, 2017 10:47:28 AM,cea81e3a-3ae7-45cc-9e0e-e54bb31ee954,93706,25,1,7,1,Pride,0.2,Pride_0.2,0,Regret_0.2,Regret,0.2,2,1,0,2,16,0,1
 145,Dec 21, 2017 10:45:26 AM,31be59fd-d461-401a-ae3f-4dab4383db19,32935,39,1,1,1,Frustration,1.0,Frustration_1.0,0,Pride_1.0,Pride,1.0,2,0,1,1,16,0.875,1
 146,Dec 21, 2017 10:46:56 AM,133aec8f-35d0-4322-a69e-5a0db8f4b6b9,32807,44,2,4,1,Pride,1.0,Pride_1.0,0,Distress_1.0,Distress,1.0,2,0,1,1,16,0.625,1
 147,Dec 21, 2017 10:46:37 AM,fbafc593-906a-4bcf-8fd3-d3916ab1a155,75569,32,2,2,1,Distress,1.0,Distress_1.0,0,Regret_1.0,Regret,1.0,2,0,1,1,16,0.875,1
 148,Dec 21, 2017 10:47:36 AM,0f23d189-396e-42b7-a0a4-922b6dc3d4d6,48062,18,2,1,1,Regret,1.0,Regret_1.0,0,Contempt_1.0,Contempt,1.0,2,0,1,1,16,0.5,1
 149,Dec 21, 2017 10:47:21 AM,cb589741-1ccc-47bb-9b3a-59762772c159,47265,31,1,1,1,Love,0.2,Love_0.2,2,Dislike_0.2,Dislike,0.2,0,2,1,1,16,0.8125,1
 150,Dec 21, 2017 10:47:07 AM,f090ec41-3f93-413b-8df5-33cd52b9ad9d,45690,43,2,1,1,Distress,0.2,Distress_0.2,2,Frustration_0.2,Frustration,0.2,0,2,1,1,16,0.8125,1
 151,Dec 21, 2017 10:47:27 AM,ff62b4f7-d1fa-461e-9408-108791917614,20876,34,1,1,1,Distress,0.2,Distress_0.2,2,Pride_0.2,Pride,0.2,0,1,0,2,16,0.5625,1
 152,Dec 21, 2017 10:46:53 AM,8b916f86-c045-4a54-9426-1dbdd9c52b0e,14586,38,1,1,1,Frustration,0.2,Frustration_0.2,0,Dislike_0.2,Dislike,0.2,2,0,1,1,16,0.5625,1
 153,Dec 21, 2017 10:47:46 AM,79e1c25b-d5c1-4f78-87d3-a26ce121b8d1,22124,41,2,1,1,Love,0.2,Love_0.2,0,Pride_0.2,Pride,0.2,2,0,1,1,16,0.75,1
 154,Dec 21, 2017 10:47:13 AM,d3feda57-ffc7-427b-ba71-7c4b7561508b,46383,35,1,1,1,Dislike,1.0,Dislike_1.0,2,Love_1.0,Love,1.0,0,2,1,1,16,0.6875,1
 155,Dec 21, 2017 10:47:28 AM,76d1aa27-263c-47fa-a1c5-905e054de25a,24502,25,2,1,1,Distress,0.2,Distress_0.2,0,Frustration_0.2,Frustration,0.2,2,0,1,1,16,0.5625,1
 156,Dec 21, 2017 10:46:06 AM,30ce5189-fb9e-4ebd-b409-51f18e88ee12,10475,39,1,2,1,Distress,0.2,Distress_0.2,2,Relief_0.2,Relief,0.2,0,2,1,1,16,0.625,1
 157,Dec 21, 2017 10:47:59 AM,2882ec07-018c-45fd-8bc0-4efbd9959f89,11590,59,2,1,1,Relief,0.2,Relief_0.2,0,Regret_0.2,Regret,0.2,2,1,0,2,16,0.5625,1
 158,Dec 21, 2017 10:47:40 AM,6fb57072-cf7a-456a-8ddb-6325cc5432a0,34207,27,2,3,1,Contempt,1.0,Contempt_1.0,0,Regret_1.0,Regret,1.0,2,1,0,2,16,0.625,1
 159,Dec 21, 2017 10:47:18 AM,9bcf03de-64e5-41e5-bdf0-5461c0f7e431,40324,26,2,1,1,Regret,0.2,Regret_0.2,0,Distress_0.2,Distress,0.2,2,2,0,0,16,0.625,1
 160,Dec 21, 2017 10:47:38 AM,8d2fb557-e61e-4f09-bfe6-b7c6add29705,86442,50,2,1,1,Dislike,1.0,Dislike_1.0,0,Relief_1.0,Relief,1.0,2,1,0,2,16,0.5,1
 161,Dec 21, 2017 10:47:22 AM,53e8db6c-aec5-433e-9524-7714013fb6d1,33603,28,1,1,1,Pride,1.0,Pride_1.0,0,Dislike_1.0,Dislike,1.0,2,1,0,2,16,0.4375,1
 162,Dec 21, 2017 10:47:59 AM,a0e0a6ca-31dd-4d3a-8993-28fa214e2a0c,68005,57,2,1,1,Contempt,0.2,Contempt_0.2,2,Frustration_0.2,Frustration,0.2,0,1,0,2,16,0.625,1
 163,Dec 21, 2017 10:47:10 AM,3e48a3f4-9c21-41f9-a4fc-134af9f31967,93455,41,2,1,1,Contempt,0.2,Contempt_0.2,2,Regret_0.2,Regret,0.2,0,2,1,1,16,0.6875,1
 164,Dec 21, 2017 10:48:08 AM,67d92d98-502a-4f2d-9071-63499d83b5d7,7462,56,2,1,1,Distress,0.2,Distress_0.2,0,Frustration_0.2,Frustration,0.2,2,2,0,0,16,0.625,1
 165,Dec 21, 2017 10:47:37 AM,9956f9cc-3d68-412f-8492-66b9ade3863f,70510,36,1,1,1,Distress,1.0,Distress_1.0,2,Frustration_1.0,Frustration,1.0,0,2,1,1,16,0.8125,1
 166,Dec 21, 2017 10:46:20 AM,4a4eb8c7-30e1-45dd-838b-281a58e15332,62704,26,2,3,1,Frustration,0.2,Frustration_0.2,0,Pride_0.2,Pride,0.2,2,0,1,1,16,0.75,1
 167,Dec 21, 2017 10:48:20 AM,c409423f-9aeb-40cb-95f0-0bd26dce19c7,80229,50,2,2,1,Frustration,1.0,Frustration_1.0,0,Contempt_1.0,Contempt,1.0,2,2,0,0,16,0.6875,1
 168,Dec 21, 2017 10:48:08 AM,81f84794-8105-4b7d-b84e-6307d56a8b0e,33898,47,1,1,1,Pride,0.2,Pride_0.2,2,Relief_0.2,Relief,0.2,0,1,0,2,16,0.75,1
 169,Dec 21, 2017 10:47:44 AM,09e76e49-a083-4d6d-ab9a-a670e373426d,48768,59,2,1,1,Regret,1.0,Regret_1.0,0,Distress_1.0,Distress,1.0,2,2,0,0,16,0.75,1
 170,Dec 21, 2017 10:48:21 AM,05c1f02d-3150-4a35-8d01-f3fb172081b8,20906,19,2,1,1,Dislike,1.0,Dislike_1.0,2,Regret_1.0,Regret,1.0,0,2,1,1,16,0.5625,1
 171,Dec 21, 2017 10:48:05 AM,db140dd8-4ef5-4157-9ae3-36d6e22f15ae,98030,25,2,1,1,Contempt,1.0,Contempt_1.0,2,Relief_1.0,Relief,1.0,0,0,0,0,16,0.5625,1
 172,Dec 21, 2017 10:47:02 AM,74b66bc1-e408-480d-a54f-e1ba35924ef5,24112,46,2,1,1,Frustration,0.2,Frustration_0.2,0,Distress_0.2,Distress,0.2,2,0,1,1,16,0.8125,1
 173,Dec 21, 2017 10:48:19 AM,2195d17d-75da-454d-99c7-871b5d6d90c3,2171,38,1,1,1,Distress,0.2,Distress_0.2,2,Pride_0.2,Pride,0.2,0,2,1,1,16,0.5,1
 174,Dec 21, 2017 10:47:26 AM,6a75a45e-b895-473c-a9d4-0f76065b772f,78239,35,1,4,1,Pride,1.0,Pride_1.0,2,Relief_1.0,Relief,1.0,0,2,1,1,16,0.625,1
 175,Dec 21, 2017 10:48:45 AM,88ade35a-fd57-409d-91aa-5fc9c3b50b8d,84097,29,2,1,1,Distress,1.0,Distress_1.0,2,Frustration_1.0,Frustration,1.0,0,2,1,1,16,0.5625,1
 176,Dec 21, 2017 10:48:02 AM,52da7f40-498e-43f0-ac4f-4d833acc57dc,49098,55,2,1,1,Regret,0.2,Regret_0.2,0,Relief_0.2,Relief,0.2,2,1,0,2,16,0.625,1
 177,Dec 21, 2017 10:48:44 AM,056aabb0-8ba3-4024-87e1-a2d249b15c3c,54220,51,2,2,1,Contempt,1.0,Contempt_1.0,0,Frustration_1.0,Frustration,1.0,2,1,0,2,16,0.5,1
 178,Dec 21, 2017 10:48:00 AM,a41ee5bd-3bf3-4cbd-9cb0-adf5046de858,90046,40,1,1,1,Relief,0.2,Relief_0.2,2,Dislike_0.2,Dislike,0.2,0,2,1,1,16,0.6875,1
 179,Dec 21, 2017 10:48:50 AM,818dab71-ca92-4034-ba1a-2ba83a5b8a83,35217,56,2,1,1,Distress,0.2,Distress_0.2,2,Regret_0.2,Regret,0.2,0,1,0,2,16,0.6875,1
 180,Dec 21, 2017 10:48:56 AM,5729ca6f-ba02-49c0-922e-6dc457c37543,43230,28,2,1,1,Regret,0.2,Regret_0.2,0,Distress_0.2,Distress,0.2,2,0,1,1,16,0.625,1
 181,Dec 21, 2017 10:48:03 AM,a05db3d7-574f-40e2-8130-703f605105a7,11385,22,2,4,1,Love,0.2,Love_0.2,2,Regret_0.2,Regret,0.2,0,2,1,1,16,0.625,1
 182,Dec 21, 2017 10:48:55 AM,2c79f6cc-1acf-4867-8f2e-f71499ef5569,8401,36,2,4,1,Dislike,1.0,Dislike_1.0,2,Love_1.0,Love,1.0,0,0,0,0,16,0.625,1
 183,Dec 21, 2017 10:48:53 AM,1e21f776-b0f9-44a5-92c0-51fe223b87dc,20814,49,2,1,1,Love,0.2,Love_0.2,2,Pride_0.2,Pride,0.2,0,1,0,2,16,0.25,1
 184,Dec 21, 2017 10:48:30 AM,8b3132f6-072a-41ff-908f-1182df2a2fd7,17821,42,2,1,1,Love,1.0,Love_1.0,2,Frustration_1.0,Frustration,1.0,0,2,1,1,16,0.5625,1
 185,Dec 21, 2017 10:39:32 AM,d92f330d-59c5-4a35-aa2d-0181f8f306c9,32707,61,1,1,1,Love,1.0,Love_1.0,2,Relief_1.0,Relief,1.0,0,2,1,1,16,0.75,1
 186,Dec 21, 2017 10:48:40 AM,1ee963b7-46f3-4151-918a-a60a54e20cb5,62425,29,2,1,1,Contempt,0.2,Contempt_0.2,2,Regret_0.2,Regret,0.2,0,1,0,2,16,0.5625,1
 187,Dec 21, 2017 10:49:17 AM,8214614a-1b8b-4d59-9e0f-c2d4a913d874,53089,59,2,1,1,Distress,1.0,Distress_1.0,0,Frustration_1.0,Frustration,1.0,2,0,1,1,16,0.3125,1
 188,Dec 21, 2017 10:48:57 AM,cba8278f-47c2-4704-9648-67b1025a9d1c,78258,44,2,1,1,Contempt,0.2,Contempt_0.2,2,Love_0.2,Love,0.2,0,1,0,2,16,0.5625,1
 189,Dec 21, 2017 10:48:57 AM,86598727-03cb-49ae-9c7c-c3cce038ad09,43812,36,1,1,1,Frustration,0.2,Frustration_0.2,2,Contempt_0.2,Contempt,0.2,0,1,0,2,16,0.5,1
 190,Dec 21, 2017 10:47:44 AM,24ed8a20-035c-42ca-b6d3-4b46093e07fd,11980,35,1,1,1,Pride,1.0,Pride_1.0,0,Contempt_1.0,Contempt,1.0,2,1,0,2,16,0.75,1
 191,Dec 21, 2017 10:49:34 AM,227e8093-5ed5-40d9-a5c3-e22f159ecf18,34609,61,1,1,1,Regret,0.2,Regret_0.2,0,Frustration_0.2,Frustration,0.2,2,0,1,1,16,0.75,1
 192,Dec 21, 2017 10:48:51 AM,8c811efd-d47f-42ab-b238-6d91c76c87cb,40977,28,2,1,1,Regret,1.0,Regret_1.0,0,Distress_1.0,Distress,1.0,2,0,1,1,16,0.625,1
 193,Dec 21, 2017 10:48:53 AM,58f824f7-8c7c-4ebf-a99e-d0e4619c33f9,19139,33,2,1,1,Contempt,1.0,Contempt_1.0,2,Distress_1.0,Distress,1.0,0,2,1,1,16,0.5625,1
 194,Dec 21, 2017 10:49:20 AM,16994137-9a7e-4198-87c6-412837695ee5,32608,24,1,3,1,Love,1.0,Love_1.0,0,Dislike_1.0,Dislike,1.0,2,0,1,1,16,0.625,1
 195,Dec 21, 2017 10:49:37 AM,1e025367-3524-4158-8880-3c3f2931628a,46517,40,2,1,1,Frustration,0.2,Frustration_0.2,2,Regret_0.2,Regret,0.2,0,2,1,1,16,0.125,1
 196,Dec 21, 2017 10:48:52 AM,376e144e-dd22-45ce-8321-5cdcd53898c2,48505,57,1,1,1,Regret,1.0,Regret_1.0,0,Dislike_1.0,Dislike,1.0,2,2,0,0,16,0.6875,1
 197,Dec 21, 2017 10:48:21 AM,85f6683b-8f28-4b62-99b5-5bec5e932e8a,95820,48,1,1,1,Regret,1.0,Regret_1.0,2,Contempt_1.0,Contempt,1.0,0,2,1,1,16,0.5625,1
 198,Dec 21, 2017 10:49:27 AM,5a17bf56-74e4-4962-8748-07ae81a324fd,80205,59,2,2,1,Relief,1.0,Relief_1.0,0,Pride_1.0,Pride,1.0,2,2,0,0,16,0.5,1
 199,Dec 21, 2017 10:49:28 AM,ab7680b3-51c0-477a-bd83-08170d515166,60428,22,2,2,1,Distress,0.2,Distress_0.2,0,Contempt_0.2,Contempt,0.2,2,2,0,0,16,0.625,1
 200,Dec 21, 2017 10:49:35 AM,d052b69b-0ba4-4bf0-8211-1ee217947fc1,18641,32,2,1,1,Frustration,0.2,Frustration_0.2,2,Pride_0.2,Pride,0.2,0,1,0,2,16,0.5625,1
 201,Dec 21, 2017 10:48:50 AM,d19e957f-171a-4848-b5e9-d49085d0c32e,98372,39,2,6,1,Pride,1.0,Pride_1.0,0,Regret_1.0,Regret,1.0,2,0,1,1,16,0.75,1
 202,Dec 21, 2017 10:45:58 AM,ee1e4596-8fb1-4a7b-bed4-4555db3b1b8d,68660,32,2,1,1,Dislike,0.2,Dislike_0.2,2,Pride_0.2,Pride,0.2,0,2,1,1,16,0.75,1
 203,Dec 21, 2017 10:49:33 AM,9f8452bc-8698-46de-a02c-afeb2ffb131b,76544,29,2,2,1,Relief,0.2,Relief_0.2,0,Contempt_0.2,Contempt,0.2,2,1,0,2,16,0.5625,1
 204,Dec 21, 2017 10:48:55 AM,2e5966a5-c2a2-4d34-9b6f-8d7658f4f77d,75211,24,2,4,1,Regret,1.0,Regret_1.0,2,Contempt_1.0,Contempt,1.0,0,2,1,1,16,0.8125,1
 205,Dec 21, 2017 10:49:36 AM,a4301eeb-2df8-4ac9-933d-efcdaeb655db,28625,58,2,1,1,Regret,1.0,Regret_1.0,0,Frustration_1.0,Frustration,1.0,2,0,1,1,16,0.625,1
 206,Dec 21, 2017 10:49:47 AM,2e02e36e-3b39-4b94-84be-b0910909e02b,50111,49,2,1,1,Relief,1.0,Relief_1.0,2,Contempt_1.0,Contempt,1.0,0,1,0,2,16,0.6875,1
 207,Dec 21, 2017 10:49:45 AM,21c149ad-27aa-43af-9d68-b6932d700919,93001,58,2,3,1,Pride,1.0,Pride_1.0,0,Dislike_1.0,Dislike,1.0,2,0,1,1,16,0.6875,1
 208,Dec 21, 2017 10:48:37 AM,c66fc79f-446b-4e81-8acc-06a7058ca6bb,78109,18,2,2,1,Pride,1.0,Pride_1.0,2,Regret_1.0,Regret,1.0,0,1,0,2,16,0.6875,1
 209,Dec 21, 2017 10:49:48 AM,60b86716-5819-4e5a-bfac-3a823b904b50,36305,47,1,1,1,Pride,0.2,Pride_0.2,0,Love_0.2,Love,0.2,2,1,0,2,16,0.5,1
 210,Dec 21, 2017 10:49:21 AM,ef64c46e-9e3e-4cda-ab47-0d4b8d0a3871,60406,53,2,1,1,Love,1.0,Love_1.0,2,Dislike_1.0,Dislike,1.0,0,2,1,1,16,0.375,1
 211,Dec 21, 2017 10:49:22 AM,a5be531d-9072-4301-8cc6-34c25e760262,8310,61,1,1,1,Contempt,1.0,Contempt_1.0,0,Relief_1.0,Relief,1.0,2,0,1,1,16,0.4375,1
 212,Dec 21, 2017 10:48:02 AM,cf0f7463-5a6a-4580-af33-8249cc3dea2f,91708,36,2,3,1,Regret,0.2,Regret_0.2,0,Distress_0.2,Distress,0.2,2,0,1,1,16,0.8125,1
 213,Dec 21, 2017 10:49:13 AM,32342b41-4041-41c6-9bf3-7d41bdb7084d,48506,54,2,1,1,Distress,1.0,Distress_1.0,0,Frustration_1.0,Frustration,1.0,2,0,1,1,16,0.5625,1
 214,Dec 21, 2017 10:49:31 AM,b5ec7720-924d-497e-b5f4-25fa80c3501a,26505,47,2,2,1,Contempt,0.2,Contempt_0.2,0,Love_0.2,Love,0.2,2,1,0,2,16,0.4375,1
 215,Dec 21, 2017 10:50:11 AM,dde7916a-8927-435b-b2d8-45f6f6c75c31,30135,59,1,1,1,Distress,1.0,Distress_1.0,0,Love_1.0,Love,1.0,2,0,1,1,16,0.75,1
 216,Dec 21, 2017 10:48:52 AM,e65a212f-9714-460c-8a0c-0a075561fd37,33351,35,2,2,1,Regret,0.2,Regret_0.2,2,Love_0.2,Love,0.2,0,2,1,1,16,0.6875,1
 217,Dec 21, 2017 10:49:52 AM,dd7f43f5-d0d9-4d32-8599-ad1ec0b3e38e,52213,55,2,1,1,Contempt,0.2,Contempt_0.2,2,Frustration_0.2,Frustration,0.2,0,1,0,2,16,0.3125,1
 218,Dec 21, 2017 10:49:46 AM,9e3febab-7efb-4b71-875b-0abf3fec0083,2474,52,1,1,1,Regret,1.0,Regret_1.0,2,Pride_1.0,Pride,1.0,0,2,1,1,16,0.8125,1
 219,Dec 21, 2017 10:50:29 AM,ac1525d3-b19c-457a-b175-42373f23b0a1,65230,28,1,1,1,Regret,0.2,Regret_0.2,2,Dislike_0.2,Dislike,0.2,0,1,0,2,16,0.375,1
 220,Dec 21, 2017 10:50:28 AM,c57c95c6-cf93-4f93-87ee-528128a973f4,24251,30,2,1,1,Relief,0.2,Relief_0.2,0,Distress_0.2,Distress,0.2,2,1,0,2,16,0.6875,1
 221,Dec 21, 2017 10:50:12 AM,8e7272f0-bb61-48f9-92b0-a59a0aa71c5b,27545,35,1,1,1,Dislike,1.0,Dislike_1.0,2,Frustration_1.0,Frustration,1.0,0,2,1,1,16,0.5625,1
 222,Dec 21, 2017 10:49:53 AM,181a2fc2-2cd0-4a8e-96c1-b31b32967bdd,95828,36,1,3,1,Contempt,1.0,Contempt_1.0,2,Frustration_1.0,Frustration,1.0,0,1,0,2,16,0.5,1
 223,Dec 21, 2017 10:50:37 AM,4109f5ef-41d0-4f10-8816-85b3ce0e5a24,4281,29,2,1,1,Regret,1.0,Regret_1.0,0,Frustration_1.0,Frustration,1.0,2,1,0,2,16,0.5,1
 224,Dec 21, 2017 10:48:11 AM,0691107f-14ce-4359-9065-ed50c4465489,49401,56,2,1,1,Frustration,1.0,Frustration_1.0,0,Pride_1.0,Pride,1.0,2,0,1,1,16,0.625,1
 225,Dec 21, 2017 10:50:13 AM,07722c7e-4b52-4012-9815-29ad4169091b,60106,35,2,2,1,Love,0.2,Love_0.2,0,Pride_0.2,Pride,0.2,2,0,1,1,16,0.6875,1
 226,Dec 21, 2017 10:50:15 AM,a537942b-d6f6-4cfd-97cd-21956b7e81fd,85635,56,1,1,1,Contempt,0.2,Contempt_0.2,2,Love_0.2,Love,0.2,0,2,1,1,16,0.75,1
 227,Dec 21, 2017 10:49:29 AM,3d6e233f-5bce-435b-87c3-226ea2a6050e,40212,35,2,1,1,Relief,0.2,Relief_0.2,2,Contempt_0.2,Contempt,0.2,0,1,0,2,16,0.6875,1
 228,Dec 21, 2017 10:50:33 AM,72cff55a-4ed7-489c-962d-0a83be83273c,56484,25,2,1,1,Pride,0.2,Pride_0.2,2,Regret_0.2,Regret,0.2,0,1,0,2,16,0.6875,1
 229,Dec 21, 2017 10:50:42 AM,98483c8e-ec89-4bb0-8a7e-cc03c30a3717,83854,25,2,1,1,Distress,1.0,Distress_1.0,0,Contempt_1.0,Contempt,1.0,2,0,1,1,16,0.8125,1
 230,Dec 21, 2017 10:50:45 AM,a7228480-484c-46ef-b4e8-48727176fb11,31535,24,2,2,1,Contempt,0.2,Contempt_0.2,2,Love_0.2,Love,0.2,0,0,0,0,16,0.125,1
 231,Dec 21, 2017 10:50:50 AM,996cc82e-01a9-44c2-aaf4-7ea67bdfcdd5,11784,44,2,1,1,Dislike,0.2,Dislike_0.2,2,Regret_0.2,Regret,0.2,0,1,0,2,16,0.625,1
 232,Dec 21, 2017 10:50:45 AM,dfab2146-b2cd-4ab5-87f7-2846b9bd7c2c,18091,28,2,1,1,Love,0.2,Love_0.2,0,Distress_0.2,Distress,0.2,2,0,1,1,16,0.625,1
 233,Dec 21, 2017 10:50:45 AM,2a127fb5-d367-44ea-a3ac-7790488d33b0,16901,27,2,6,1,Contempt,1.0,Contempt_1.0,2,Dislike_1.0,Dislike,1.0,0,2,1,1,16,0.75,1
 234,Dec 21, 2017 10:50:38 AM,a60527a5-cdc7-4a1d-95af-0c0267bd3e4f,18925,43,2,1,1,Frustration,1.0,Frustration_1.0,2,Pride_1.0,Pride,1.0,0,2,1,1,16,0.625,1
 235,Dec 21, 2017 10:50:03 AM,bf8252d8-9fb6-42a6-9907-f53d27ec7723,17364,46,1,1,1,Love,0.2,Love_0.2,2,Pride_0.2,Pride,0.2,0,2,1,1,16,0.75,1
 236,Dec 21, 2017 10:50:21 AM,c966df57-c1dc-4bf0-b1bf-60eb2bf80a35,98444,35,2,1,1,Contempt,1.0,Contempt_1.0,2,Frustration_1.0,Frustration,1.0,0,1,0,2,16,0.4375,1
 237,Dec 21, 2017 10:50:45 AM,61747fc3-be63-4f87-becc-af12ff29b394,1030,45,2,5,1,Frustration,0.2,Frustration_0.2,0,Contempt_0.2,Contempt,0.2,2,0,1,1,16,0.875,1
 238,Dec 21, 2017 10:49:32 AM,4d7ee54b-1948-4791-b926-8e75cf375436,18969,55,2,1,1,Dislike,1.0,Dislike_1.0,2,Regret_1.0,Regret,1.0,0,2,1,1,16,0.8125,1
 239,Dec 21, 2017 10:50:45 AM,367cd571-6925-4867-b088-87aed915a7d3,29730,29,2,2,1,Frustration,0.2,Frustration_0.2,2,Pride_0.2,Pride,0.2,0,0,0,0,16,0.625,1
 240,Dec 21, 2017 10:50:09 AM,ba788ffc-b5fd-4654-9e84-ca306cb0f196,64068,62,2,1,1,Frustration,1.0,Frustration_1.0,2,Distress_1.0,Distress,1.0,0,1,0,2,16,0.4375,1
 241,Dec 21, 2017 10:50:46 AM,dc54ef7e-9ea0-4274-8e79-391f116347e6,37172,57,2,1,1,Love,1.0,Love_1.0,2,Regret_1.0,Regret,1.0,0,2,1,1,16,0.4375,1
 242,Dec 21, 2017 10:50:51 AM,9c5d0804-f17b-4b55-ba1e-b01919eb6ed5,3766,29,2,1,1,Relief,0.2,Relief_0.2,0,Dislike_0.2,Dislike,0.2,2,1,0,2,16,0.5,1
 243,Dec 21, 2017 10:50:37 AM,6b7271dd-738e-4d8f-ba39-c7417b1a9a52,30071,56,1,1,1,Distress,0.2,Distress_0.2,0,Regret_0.2,Regret,0.2,2,0,1,1,16,0.5,1
 244,Dec 21, 2017 10:49:28 AM,d9a1dec1-1a97-4e2c-ac1d-cd8fe54bf60c,73071,33,1,1,1,Relief,1.0,Relief_1.0,2,Contempt_1.0,Contempt,1.0,0,1,0,2,16,0.625,1
 245,Dec 21, 2017 10:48:42 AM,54276ca0-496e-4b5d-8370-22b2f8fb03ef,36522,25,2,1,1,Pride,0.2,Pride_0.2,2,Relief_0.2,Relief,0.2,0,1,0,2,16,0.5,1
 246,Dec 21, 2017 10:46:24 AM,ad453854-c57f-486c-a365-5da2370b8463,87047,62,2,1,1,Love,0.2,Love_0.2,0,Frustration_0.2,Frustration,0.2,2,1,0,2,16,0.875,1
 247,Dec 21, 2017 10:49:49 AM,2d86dd48-3ad5-412e-bad6-9697c41250b1,48612,57,2,4,1,Contempt,0.2,Contempt_0.2,0,Distress_0.2,Distress,0.2,2,1,0,2,16,0.8125,1
 248,Dec 21, 2017 10:44:25 AM,52d5c444-0149-474d-8c50-16e45a0decfa,16901,47,2,1,1,Frustration,1.0,Frustration_1.0,0,Distress_1.0,Distress,1.0,2,0,1,1,16,0.625,1
 249,Dec 21, 2017 11:46:09 AM,61ab14aa-bb1e-441a-8254-f6e0dba73ea5,50228,56,2,1,1,Relief,1.0,Relief_1.0,2,Frustration_1.0,Frustration,1.0,0,1,0,2,16,0.5,1
 250,Dec 21, 2017 3:09:55 PM,be4c3b40-1695-4d99-a4ca-e14a46bf289e,49735,52,1,1,1,Frustration,1.0,Frustration_1.0,2,Relief_1.0,Relief,1.0,0,0,0,0,16,0.75,1
 251,Dec 21, 2017 3:10:42 PM,59363feb-9c07-4c91-801d-721d62e2e13b,60616,35,2,6,1,Relief,0.2,Relief_0.2,2,Frustration_0.2,Frustration,0.2,0,1,0,2,16,0.875,1
 252,Dec 21, 2017 3:10:14 PM,c9b901ac-38bd-4e19-af54-8869f676bcd6,23294,37,2,3,1,Dislike,1.0,Dislike_1.0,0,Regret_1.0,Regret,1.0,2,2,0,0,16,0.625,1
 253,Dec 21, 2017 3:11:06 PM,f800699b-b82d-472a-9609-910b1a8fc0e1,61348,63,1,1,1,Frustration,0.2,Frustration_0.2,2,Dislike_0.2,Dislike,0.2,0,0,0,0,16,0.5,1
 254,Dec 21, 2017 3:09:58 PM,aaaf2d41-f07c-48ac-88f8-bb2a30c9e87f,91405,19,2,4,1,Distress,1.0,Distress_1.0,2,Pride_1.0,Pride,1.0,0,1,0,2,16,0.75,1
 255,Dec 21, 2017 3:11:24 PM,5f7598fd-affa-49ff-94e1-6c0c452323f9,92806,59,2,1,1,Love,0.2,Love_0.2,0,Relief_0.2,Relief,0.2,2,0,1,1,16,0.5,1
 256,Dec 21, 2017 3:11:55 PM,16d18dbc-1a72-4079-b8e6-5bccdc183b44,33756,51,2,1,1,Distress,1.0,Distress_1.0,2,Love_1.0,Love,1.0,0,2,1,1,16,0.6875,1
 257,Dec 21, 2017 3:12:06 PM,f6c71a12-fc6c-47de-95e5-3fa39f3fd3cc,29588,38,1,1,1,Frustration,1.0,Frustration_1.0,2,Love_1.0,Love,1.0,0,2,1,1,16,0.75,1
 258,Dec 21, 2017 3:11:55 PM,fe876a56-a912-4a65-8d28-ceb8d94f467c,44001,55,2,1,1,Frustration,0.2,Frustration_0.2,0,Distress_0.2,Distress,0.2,2,0,1,1,16,1,1
 259,Dec 21, 2017 3:10:42 PM,211cd283-3bcb-486e-82d9-9aa6655854ca,6854,63,2,2,1,Regret,1.0,Regret_1.0,0,Contempt_1.0,Contempt,1.0,2,0,1,1,16,0.5625,1
 260,Dec 21, 2017 3:12:01 PM,c9be3ef6-84b1-4e88-ada6-71d7523884b2,23509,35,1,2,1,Relief,1.0,Relief_1.0,2,Pride_1.0,Pride,1.0,0,1,0,2,16,0.75,1
 261,Dec 21, 2017 3:11:43 PM,b5da7662-9ea0-4e7d-97b3-d8760e306db5,86401,32,2,1,1,Distress,0.2,Distress_0.2,2,Pride_0.2,Pride,0.2,0,2,1,1,16,0.625,1
 262,Dec 21, 2017 3:12:39 PM,3facf00f-4957-4828-ad3a-f52f59e87f09,66763,23,2,1,1,Contempt,1.0,Contempt_1.0,0,Frustration_1.0,Frustration,1.0,2,0,1,1,16,0.5625,1
 263,Dec 21, 2017 3:11:59 PM,c08bf575-b350-48f5-b604-43704e2bcd6f,46953,33,2,1,1,Distress,1.0,Distress_1.0,0,Dislike_1.0,Dislike,1.0,2,0,1,1,16,0.75,1
 264,Dec 21, 2017 3:12:56 PM,ec14523d-7437-4580-adb2-3600affc7827,28040,42,1,1,1,Pride,1.0,Pride_1.0,0,Love_1.0,Love,1.0,2,0,1,1,16,0.625,1
